{
  "shape": [
    3,
    24,
    1024,
    1024
  ],
  "data_type": "uint16",
  "chunk_grid": {
    "name": "regular",
    "configuration": {
      "chunk_shape": [
        1,
        6,
        256,
        512
      ]
    }
  },
  "chunk_key_encoding": {
    "name": "default",
    "configuration": {
      "separator": "/"
    }
  },
  "fill_value": 0,
  "codecs": [
    {
      "name": "bytes",
      "configuration": {
        "endian": "little"
      }
    },
    {
      "name": "zstd",
      "configuration": {
        "level": 0,
        "checksum": false
      }
    }
  ],
  "attributes": {},
  "zarr_format": 3,
  "node_type": "array",
  "storage_transformers": []
}